ticker,volume,sector,industry,ebitdaMargins,profitMargins,grossMargins,operatingCashflow,revenueGrowth,operatingMargins,ebitda,grossProfits,freeCashflow,currentPrice,earningsGrowth,currentRatio,returnOnAssets,debtToEquity,returnOnEquity,totalCash,totalCashPerShare,revenuePerShare,52WeekChange,totalAssets,bookValue,sharesShort,sharesPercentSharesOut,lastFiscalYearEnd,netIncomeToCommon,trailingEps,lastDividendValue,heldPercentInsiders,nextFiscalYearEnd,floatShares,beta,forwardPE,sharesShortPriorMonth,previousClose,twoHundredDayAverage,fiftyTwoWeekHigh,fiveYearAvgDividendYield,fiftyTwoWeekLow,totalDebt,marketCap,cash to debt

EBF,96399,Industrials,Business Equipment & Supplies,0.17542,0.09024,0.29857,47926000,0.107,0.13227001,73945000,114723000,34209000,21.58,0.643,4.705,0.09235,4.247,0.12258001,91520000,3.542,16.274,0.110000014,None,12.228,514235,0.0199,1646006400,38039000,1.46,0.25,0.030989999,1709078400,23251719,0.426308,15.304965,609678,21.09,19.42205,22.67,4.59,16.55,13392000,557549504,78128000

ETV,190603,Financial Services,Asset Management,0,0,1,None,0.221,0.13167,None,17609728,None,13.55,None,0.18,0.0010800001,None,-0.119770005,20073,0,0.179,-0.1853422,None,12.75,1101119,0.0101,1640908800,-174755440,2.92,0.111,0,1703980800,None,0.901621,None,1279910,13.3392,14.77275,16.86,8.91,12.89,0,1472465024,20073

FBMS,84609,Financial Services,Banks�Regional,0,0.32773998,0,82909000,0.064,0.42014,None,194341000,None,31.47,0.027,None,0.01117,None,0.10569999,356771008,14.848,9.457,-0.22213835,None,27.3,849533,0.0354,1640908800,64505000,3.08,0.19,0.04121,1703980800,23016296,0.909358,8.621918,687607,30.92,32.2094,42.89,1.17,26.95,151027008,756164288,205744000

FGBI,8954,Financial Services,Banks�Regional,0,0.29416,0,49294000,0.163,0.37133,None,98323000,None,21.68,0.214,None,0.0110599995,None,0.14312,120398000,11.235,10.008,0.097380996,None,18.054,136618,0.0127,1640908800,29221000,2.73,0.16,0.49244,1703980800,5415519,0.476787,8.181132,156797,20.95,23.5941,29.65,3.18,18.727274,64910000,232340224,55488000

FMY,5922,Financial Services,Asset Management,0,-0.81334,1,None,-0.022,0.70322996,None,2643524,None,10.54,None,3.475,0.019450001,None,-0.03704,3430106,0.814,0.62,-0.22561866,None,13.022,560,0.0001,1635638400,-2125420,0.19,0.055,0.32584998,1698710400,None,0.248341,None,521,10.64,12.071,13.85,5.42,10.52,0,44865300,3430106

FNWD,37673,Financial Services,Banks�Regional,0,0.1886,0,9286000,0.348,0.2598,None,63013000,None,32.05,0.013,None,0.0072399997,None,0.091809995,87553000,20.371,18.747,-0.21938533,None,31.803,27007,0.0063,1640908800,13415000,3.56,0.31,0.14987001,1703980800,3638688,0.515475,6.952277,25178,32.92,40.7782,50,2.98,30.72,31232000,137747696,56321000

FRAF,160,Financial Services,Banks�Regional,0,0.24826,0,23548000,-0.013,0.29771,None,66259000,None,31.3,-0.328,None,0.0091699995,None,0.118,32945000,7.498,14.616,-0.051802456,None,27.542,5160,0.0011999999,1640908800,16105000,3.61,0.32,0.044460002,1703980800,4150313,0.664333,None,4274,31.3,32.1859,35,3.6,28.05,24622000,137533760,8323000

GBLI,1304,Financial Services,Insurance�Property & Casualty,0.0234,-0.014939999,0.03904,61770000,-0.101,0.00841,14833000,69963000,2107375,20.77,None,1.172,0.0017499999,2.793,-0.01403,60407000,4.14,43.742,-0.17294115,None,43.681,9737,0.0007,1640908800,-9913000,0.59,0.25,0.25066,1703980800,4639319,0.321296,6.3907695,11375,20.88,25.5181,27.66,None,20.52,17912000,300006048,42495000

GGN,369796,Financial Services,Asset Management,0,-0.19565001,1,None,0.009,0.61239,None,21307603,None,3.39,None,0.498,0.01163,None,-0.00625,910025,0.006,0.139,-0.15267175,None,3.58,369946,0.0023999999,1640908800,-8510987,0.28,0.03,5e-05,1703980800,None,0.905305,None,100622,3.33,3.70135,4.14,11.39,3.06,0,522595648,910025

AATC,6839,Technology,Scientific & Technical Instruments,0.10701,0.041840002,0.75808996,1932000,-0.256,0.09348,1289000,10235000,-1973750,4.36,-0.929,8.499,0.03281,9.192,0.02566,2605000,0.483,2.247,-0.37857145,None,3.45,3422,0.00059999997,1640908800,504000,0.1,0.12,0.42443,1703980800,2710295,0.836035,None,11085,4.35,5.78295,7.65,None,4.19,1712000,23539162,893000

ACNB,10557,Financial Services,Banks�Regional,0,0.28921,0,33372000,0.055,0.38734,None,93970000,None,33.14,0.016,None,0.01005,None,0.10551,395614016,46.398,10.757,0.17604351,None,28.645,137772,0.0162,1640908800,27084000,3.11,0.26,0.04301,1703980800,8136269,0.30619,None,164958,32.4,33.1157,36.73,3.14,27.15,56635000,282572192,338979016

AGX,48923,Industrials,Engineering & Construction,0.10212,0.05618,0.19297001,-75545000,-0.112,0.09358,47832000,97632000,-81008752,32.33,-0.631,2.663,0.050970003,1.041,0.077,318987008,22.975,31.022,-0.28261852,None,20.011,285253,0.020499999,1643587200,26315000,1.72,0.25,0.05072,1706659200,13169298,0.514001,9.508823,223757,31.78,37.19835,46.24,2.45,31.26,2884000,472887712,316103008

AMAL,149865,Financial Services,Banks�Regional,0,0.28808,0,113915000,0.333,0.39038,None,202980000,None,23.17,0.909,None,0.00884,None,0.12257,558464000,18.198,7.173,0.2984234,None,16.227,833619,0.0272,1640908800,64096000,2.04,0.1,0.00511,1703980800,16141242,0.807296,7.8277025,582235,23.06,19.90275,25.03,None,15.23,129504000,732021376,428960000

ARCH,347456,Energy,Thermal Coal,0.36422002,0.2956,0.39768,773342016,1.516,0.31926,1226200064,628206000,386975744,137.65,10.624,2.478,0.32701,16.962,1.32054,281944000,15.197,213.95,0.4081056,None,64.067,3217756,0.1734,1640908800,995184000,50.1,6,0.01986,1703980800,18147001,0.621223,3.9531877,2825035,134.46,139.09035,183.53,None,73.54,201632000,2553833984,80312000

AROW,20613,Financial Services,Banks�Regional,0,0.338,0,58797000,-0.019,0.45626,None,142452000,None,30.85,-0.098,None,0.012130001,None,0.13487001,224224992,13.583,8.577,-0.13185716,None,21.602,162599,0.0098,1640908800,47847000,2.83,0.262136,0.03771,1703980800,15919093,0.610537,9.46319,155451,30.09,32.01381,37.126213,3.08,28.5,63719000,521105856,160505992

ATRI,6088,Healthcare,Medical Instruments & Supplies,0.29099,0.19117,0.41996,41107000,0.145,0.21541001,52136000,69372000,14027875,627.98,0.066,7.138,0.08885,None,0.14061,50583000,28.322,99.593,-0.15341699,None,137.838,51039,0.0286,1640908800,34251000,18.86,2.15,0.22531,1703980800,1361120,0.263817,None,63735,607,647.4148,805.62,0.9,542.1,0,1129453440,50583000

GUT,87707,Financial Services,Asset Management,0,0.5367,1,None,-0.116,0.44851002,None,8813506,None,6.77,None,1.082,0.0062,None,0.01192,539467,0.007,0.111,-0.16645962,None,3.955,579220,0.007900001,1640908800,276530,0.09,0.05,0.01264,1703980800,None,0.702284,None,611544,6.71,7.4526,8.36,None,6.41,0,496911232,539467

HFBL,4525,Financial Services,Banks�Regional,0,0.23774,0,17059000,-0.004,0.30024,None,20497000,None,19.16,-0.164,None,0.00843,None,0.09275,64078000,21.481,6.306,0.015873075,None,16.044,2278,0.0007,1656547200,4873000,1.41,0.12,0.35606998,1719705600,1558975,0.434045,None,1279,19.65,20.21605,23.55,1.92,17.8,4053000,59551960,60025000

HIO,352500,Financial Services,Asset Management,0,-0.34185,1,None,-0.061,0.87024003,None,36304325,None,3.66,None,1.517,0.038110003,None,-0.024419999,1554387,0.016,0.37,-0.29423076,None,4.933,51705,0.0005,1632960000,-12020657,-0.126,0.03,0,1696032000,None,0.604642,None,22281,3.64,4.2455,5.43,7.43,3.6,0,348063072,1554387

HNNA,4479,Financial Services,Asset Management,0.34285998,0.215,0.49997002,9423000,-0.19,0.33636,10868000,15865000,6578750,8.885,-0.433,17.123,0.05503,45.983,0.08104999,57490000,7.684,4.252,-0.18339413,None,11.491,122779,0.0164,1632960000,6815000,0.9,0.138,0.41084,1696032000,3854898,0.855932,7.1080003,134519,8.98,10.0022,11.69,4.69,8.32,39536000,66887968,17954000

BMRC,38572,Financial Services,Banks�Regional,0,0.28436002,0,45092000,0.208,0.45811,None,116424000,None,32.36,-0.027,None,0.00987,None,0.09635,114975000,7.207,8.195,-0.1625033,None,25.682,271679,0.017,1640908800,36527000,2.28,0.25,0.1027,1703980800,14168272,0.689388,10.644737,249942,31.85,33.35405,39.65,2.21,29.88,24577000,527047328,90398000

BOE,134788,Financial Services,Asset Management,0,0,1,52983168,0.136,0.66200995,None,19634744,13960106,9,None,0.536,0.011,0.013,-0.111140005,108257,0.002,0.332,-0.27310228,None,11.172,56855,0.00090000004,1640908800,-86676880,1.86,0.063,5e-05,1703980800,None,0.889093,None,30986,8.81,10.4823,12.44,7.4,8.52,94288,575725504,13969

BWFG,44504,Financial Services,Banks�Regional,0,0.41347,0,62776000,0.465,0.51672,None,72700000,None,28.3,0.962,None,0.014839999,None,0.16770001,178334000,23.565,11.06,-0.06445181,None,29.837,129039,0.0166,1640908800,34188000,4.44,0.2,0.18913999,1703980800,5635474,0.73913,7.839335,164627,28.16,32.87665,36.87,2.03,27.76,141960992,219703936,36373008

CASH,140465,Financial Services,Banks�Regional,0,0.26795998,0,417952992,0.009,0.33826,None,497529000,None,37.73,-0.372,None,0.022060001,None,0.18979,157260000,5.413,18.579,-0.41390997,None,24.666,1192899,0.041100003,1632960000,146416000,4.95,0.05,0.02135,1696032000,28445139,0.797347,7.0260706,1045563,36.32,44.2357,65.96,0.61,31.16,49472000,1131877376,107788000

CFBK,226,Financial Services,Banks�Regional,0,0.36290002,0,250818000,-0.091,0.47000998,None,55279000,None,21.56,0.385,None,0.0113699995,None,0.14086,157784000,24.075,7.602,0.08157098,None,20.252,3257,0.0005,1640908800,17787000,2.76,0.05,0.17344,1703980800,3914501,0.600589,7.210702,1548,21.92,21.041,23.99,None,19.52,95067000,136387472,62717000

ATLO,2288,Financial Services,Banks�Regional,0,0.32777,0,24402000,-0.045,0.45340002,None,66652000,None,22.44,-0.282,None,0.01013,None,0.11619,89355000,9.937,7.165,-0.050147474,None,17.499,54404,0.006,1640908800,21349000,2.36,0.27,0.01686,1703980800,8823654,0.570375,None,59788,22.54,23.2068,25.55,3.93,20.16,39666000,201784304,49689000

CRT,46203,Energy,Oil & Gas E&P,0,0.91977,1,None,1.103,0.91977,None,7438619,None,22.66,1.132,1,1.07639,None,2.8614402,2632564,0.439,1.669,0.63246,None,0.516,14808,0.0025,1640908800,9208422,1.53,0.2,0,1703980800,None,0.701547,None,22848,22.43,16.9846,25.33,9.65,9.73,0,138990768,2632564

CRWS,2103,Consumer Cyclical,"Furnishings, Fixtures & Appliances",0.14141,0.10298,0.28219,6764000,-0.16,0.12755,11929000,23308000,3973000,5.84,-0.474,3.722,0.108610004,4.996,0.19198,4141000,0.411,8.375,-0.22661394,None,4.635,12423,0.0011999999,1648944000,8687000,0.85,0.08,0.106809996,1712102400,8387299,0.799189,7.684211,11615,5.81,6.37405,8.03,5.11,5.73,2332000,58807632,1809000

CVLY,2252,Financial Services,Banks�Regional,0,0.16551,0,20626000,0.043,0.24244,None,74802000,None,20.17,-0.394,None,0.0055199997,None,0.06665,283968992,29.764,7.893,-0.095555544,None,18.372,14055,0.0015,1640908800,12483000,1.29,0.15,0.10821,1703980800,9083576,0.480471,None,12540,20.35,21.76555,24.48,2.68,18.66,60096000,192437328,223872992

CVR,392,Industrials,Tools & Accessories,0.06767,0.02477,0.17541,-1246768,0.079,0.030050002,2336277,6465092,-1937340,26.07,-0.517,8.177,0.019960001,None,0.02934,3603732,3.73,35.737,-0.016393423,None,30.167,2466,0.0026,1640908800,855054,0.88,0.22,0.09325,1703980800,736386,0.002579,None,1998,26.4014,27.0057,32.88,2.95,24.9,0,25555874,3603732

CWBC,399,Financial Services,Banks�Regional,0,0.27504,0,21717000,0.018,0.39349,None,46308000,None,13.91,-0.268,None,0.0121,None,0.12956001,102276000,11.693,5.515,0.06814706,None,12.254,4275,0.0005,1640908800,13124000,1.48,0.075,0.31873,1703980800,5888691,0.732866,8.859872,1279,13.95,13.9349,16.55,1.98,12.75,95677000,121666040,6599000

DGICB,1474,Financial Services,Insurance�Property & Casualty,0.0117,0.00424,0.00672,52545400,-0.004,0.00521,9658046,32456841,39037560,14.91,None,0.527,0.00119,6.849,0.00659,68495432,2.119,26.282,0.0128291845,None,15.873,2535,0.0001,1640908800,3497562,0.1,0.148,0.00028,1703980800,15357411,-0.061532,None,1793,15.66,14.5546,17.8,3.92,12,35000000,464934048,33495432

DHIL,5643,Financial Services,Asset Management,0.47775,0.31870002,0.58906,23951300,-0.134,0.46984002,85703040,97938397,64109296,176.09,-0.735,2.957,0.19519,0.887,0.25478,58502480,18.879,56.485,-0.123066604,None,54.806,50656,0.0163,1640908800,57170104,17.99,1.5,0.03697,1703980800,2984395,0.92336,None,45945,169.52,178.9467,234.84,None,160,1716492,556912768,56785988

JOUT,64429,Consumer Cyclical,Leisure,0.10819,0.05856,0.38004002,-85706000,-0.046,0.09391,77161000,334125000,-113591752,48.23,-0.512,4.112,0.0627,10.626,0.08918,117567000,11.654,70.543,-0.5638884,None,48.004,181641,0.0179,1633046400,41764000,4.1,0.31,0.18983,1696118400,5339857,0.91857,7.779032,184134,47.51,70.0354,117.99,0.87,46.304,51459000,486621408,66108000

LARK,1615,Financial Services,Banks�Regional,0,0.2551,0,22206000,-0.179,0.35019,None,60081000,None,25.65,-0.386,None,0.010880001,None,0.11079001,39239000,7.885,10.854,-0.04515046,None,23.572,26122,0.0052,1640908800,13830000,2.76,0.21,0.21917999,1703980800,3879906,0.324613,None,24154,25.99,26.14675,30,3.08,24.16,27874000,127643120,11365000

MFV,44,Financial Services,Asset Management,0,-1.03943,1,None,-0.07,0.61131,None,1456185,None,4.08,None,2.923,0.014090001,None,-0.03848,28,0,0.192,-0.39555556,None,4.845,18645,0.0026,1635638400,-1458541,0.91,0.037,0,1698710400,None,0.779661,None,1227,4.08,5.3781,7.18,9.58,3.95,0,29961928,28

MSB,175481,Basic Materials,Steel,0,0.9554,1,53895524,None,0.95713997,None,71459790,48865352,18.92,None,2.324,0.78436995,None,1.56732,25789548,1.966,3.365,-0.30970556,None,1.133,318661,0.024300002,1643587200,42173660,3.21,0.84,0.00077,1706659200,13109908,0.929624,-0.95410997,243978,18.99,26.1517,35.65,11.27,16.56,0,248230400,25789548

NCA,104543,Financial Services,Asset Management,0,-0.119619995,1,None,0.157,0.83592004,None,12125627,None,8.09,None,1.633,0.019650001,None,-0.00452,26743,0.001,0.366,-0.21108949,None,10.324,39333,0.0011999999,1646006400,-1450508,-0.044,0.028,0,1709078400,None,0.235814,None,22474,8.11,9.04605,10.92,3.35,8.07,0,269826592,26743

NKSH,138,Financial Services,Banks�Regional,0,0.4125,0,21721000,0.09,0.50933,None,50713000,None,35.26,0.251,None,0.0126600005,None,0.13108,107610000,17.993,8.575,-0.053518057,None,22.78,28806,0.0047999998,1640908800,21463000,3.52,0.72,0.028199999,1703980800,5810921,0.41378,9.478494,24234,34.84,34.31625,39.19,3.7,30.52,1453000,211245472,106157000

CBNK,30560,Financial Services,Banks�Regional,0,0.25595,0,85480000,0.038,0.34041,None,163970000,None,24.14,0.176,None,0.02,None,0.22400999,250884000,17.876,12.091,-0.031476974,None,14.798,78591,0.0056,1640908800,43068000,3.04,0.06,0.38775003,1703980800,9057158,0.538122,7.54375,95187,24,23.6066,28.16,None,20.94,36973000,338792832,213911000

NRIM,8283,Financial Services,Banks�Regional,0,0.23323,0,58848000,-0.124,0.29059,None,137189000,None,42.85,-0.376,None,0.011460001,None,0.12823,347806016,61.222,20.745,-0.051099777,None,37.896,41413,0.0073,1640908800,29012000,4.76,0.5,0.02645,1703980800,5157577,0.625644,6.541984,19931,42.71,42.11995,47.34,3.45,38.42,43150000,246056688,304656016

OVLY,15247,Financial Services,Banks�Regional,0,0.26722,0,8713000,0.09,0.36716998,None,54896000,None,19.08,0.083,None,0.0078,None,0.11474,499904992,61.212,6.72,0.014164329,None,14.534,8260,0.001,1640908800,14648000,1.79,0.15,0.17701,1703980800,6579440,0.330508,None,14955,17.9,17.9841,19.75,1.58,16.52,0,157497200,499904992

CFFI,1640,Financial Services,Banks�Regional,0,0.21688999,0,101122000,-0.21,0.28562,None,134064000,None,58.8,-0.13,None,0.011720001,None,0.13257,144467008,41.044,33.8,0.117223024,None,55.52,6304,0.0018000001,1640908800,25969000,7.33,0.42,0.061669998,1703980800,3292795,0.290346,None,5205,58.9,50.4758,61.5,3.14,43.1,95499000,206963648,48968008

PCB,27933,Financial Services,Banks�Regional,0,0.39136,0,29956000,0.001,0.55441004,None,100167000,None,19.2,-0.063,None,0.01863,None,0.14313,299910016,20.142,7.071,-0.09852451,None,17.815,270910,0.018099999,1640908800,40858000,2.7,0.15,0.22850999,1703980800,11391398,0.71518,6.6666665,287030,18.94,20.7002,26.04,1.94,17.96,7067000,287208960,292843016

PIM,80231,Financial Services,Asset Management,0,-1.55633,1,None,0.017,0.82384,None,11961621,None,3.21,None,0.387,0.01283,None,-0.08877,288430,0.006,0.238,-0.20347393,None,3.839,206531,0.0041,1632960000,-18770840,-0.371,0.022,6.0000002e-05,1696032000,None,0.312085,None,6088,3.188,3.48585,4.07,7.36,3.17,0,163006368,288430

PJT,158180,Financial Services,Capital Markets,0,0.0988,0.96533996,289257984,-0.031,0.21216999,None,966812000,None,75.48,-0.164,2.561,0.18326001,21.226,0.27422002,147319008,6.081,40.999,-0.17653668,None,4.953,1106101,0.045700002,1640908800,101213000,1.59,0.25,0.08252,1703980800,22330236,0.741341,14.459771,1047519,73.28,68.3616,89.5,0.43,54.48,143839008,2974063104,3480000

PKBK,17676,Financial Services,Banks�Regional,0,0.52419996,0,None,0.053,0.72559,None,77415000,None,20.85,0.005,None,0.02032,None,0.17163,193344000,16.221,6.639,-0.07968128,None,21.589,236208,0.0198,1640908800,41415000,3.41,0.18,0.14959,1703980800,10134173,0.762343,None,254632,20.79,22.92865,25.85,2.96,20.26,116024000,252489328,77320000

PKE,51423,Industrials,Aerospace & Defense,0.20632,0.14129,0.30575,3522000,0.019,0.18358,10940000,17917000,107750,10.89,-0.092,17.395,0.03787,0.154,0.05524,102466000,5.005,2.592,-0.17217523,None,6.548,702181,0.0343,1645920000,7492000,0.37,0.1,0.050180003,1708992000,17604831,0.560058,21.352942,676828,10.77,12.36335,14.53,2.72,10.08,206000,226243024,102260000

CIVB,32524,Financial Services,Banks�Regional,0,0.30462998,0,68393000,-0.102,0.37695998,None,126047000,None,21.72,-0.103,None,0.01234,None,0.11243,245394000,15.915,8.13,-0.15140706,None,20.778,212994,0.0138,1640908800,36623000,2.46,0.14,0.03089,1703980800,14599386,0.776713,7.3627114,213020,21.41,22.37435,25.94,2.04,20.1,207092992,334902848,38301008

CIX,7935,Industrials,Security & Protection Services,0.17653,0.12091,0.30268,8439000,0.15,0.15097,26897000,42749000,765250,19.39,0.35,7.68,0.07507,None,0.105950005,70057000,5.692,12.301,-0.17686766,None,14.336,26789,0.0022,1640908800,18423000,1.49,0.25,0.8776,1703980800,1494950,0.567059,12.043478,40136,18.29,22.10565,28.75,2.36,16.01,0,238636608,70057000

COFS,1863,Financial Services,Banks�Regional,0,0.27325,0,42859000,0.034,0.3524,None,79388000,None,22.25,0.154,None,0.00978,None,0.11091,54505000,7.26,10.629,-0.12242472,None,22.186,11571,0.0015,1640908800,21904000,2.9,0.25,0.08011,1703980800,6650006,0.429992,None,12732,22.15,23.04055,29.38,3.09,19.2,44533000,167047888,9972000

RRBI,6222,Financial Services,Banks�Regional,0,0.34303,0,45121000,0.096,0.43058997,None,94315000,None,55.72,0.125,None,0.0110599995,None,0.12145001,356400000,49.611,13.408,0.040371537,None,35.338,51759,0.0072000003,1640908800,33187000,4.59,0.07,0.39113,1703980800,4653381,0.612592,10.573055,49007,54.89,52.60445,57.8,None,47.09,4494000,400288032,351906000

RVSB,7603,Financial Services,Banks�Regional,0,0.31735,0,19044000,-0.013,0.42156,None,65487000,None,6.55,-0.185,None,0.0125,None,0.13305001,142084992,6.193,2.949,-0.11740893,None,7.038,126376,0.0055,1648684800,20717000,0.93,0.06,0.06508,1711843200,19189430,0.764922,7.7976193,116707,6.54,7.06755,8.22,2.5,6.08,37123000,150277968,104961992

STBA,229962,Financial Services,Banks�Regional,0,0.34476003,0,None,0.183,0.43741,None,324507000,None,34.9,0.351,None,0.01281,None,0.099989995,134903008,3.458,8.744,0.04689479,None,29.559,928917,0.023699999,1640908800,117235000,2.75,0.3,0.01935,1703980800,38170097,0.645541,10.804954,902326,33.04,29.97495,34.96,3.35,26.51,104291000,1361546752,30612008

ETB,24507,Financial Services,Asset Management,0,0,1,None,0.178,0.29271,None,6395904,None,14.16,None,0.224,0.00301,None,-0.074990004,18478,0.001,0.237,-0.14416057,None,13.559,194273,0.0066000004,1640908800,-31176940,3.12,0.108,0,1703980800,None,0.914148,None,241110,13.962,15.802,17.85,8.4,13.1,0,419198304,18478

TRMK,159889,Financial Services,Banks�Regional,0,0.17695,0,311321984,-0.06,0.23426001,None,664709000,None,34.01,-0.264,None,0.00651,None,0.0659,748030016,12.222,10.133,-0.015634239,None,25.926,1611485,0.026300002,1640908800,110917000,1.8,0.23,0.09689999,1703980800,58779395,0.815033,13.496031,1758652,33.37,31.1008,35.3,3.04,26.67,393400992,2129478272,354629024

VALU,2089,Financial Services,Financial Data & Stock Exchanges,0.30677998,0.55537,0.87588996,22347000,-0.022,0.27519,12364000,35522000,6515375,65.48,-0.238,2.664,0.05523,8.905,0.29845,58530000,6.179,4.231,0.8133912,None,8.376,26012,0.0027,1651276800,22383000,2.35,0.25,0.91186,1714435200,834841,0.47826,None,27551,58.5,66.59555,118.4,2.8,31.55,7067000,641202432,51463000

DALN,8400,Communication Services,Publishing,-0.0083,-0.00837,-0.0083,-6381000,-0.028,-0.03004,-1268000,-59000,-4072125,4.86,None,2.646,-0.02757,52.692,-0.03312,26560000,4.962,28.538,-0.30416667,None,6.738,95618,0.0179,1640908800,-1279000,-0.065,1.5,0.05628,1703980800,4501176,0.759027,None,81070,5.01,6.524725,8.49,10.46,4.51,19004000,25961198,7556000

FF,67241,Basic Materials,Chemicals,0.07832,0.043860003,0.07692,44523000,0.589,0.04962,28649000,23537000,41341500,6.53,None,4.158,0.03338,0.187,0.061680004,168580000,3.852,8.359,-0.17142856,None,6.005,470064,0.0107,1640908800,16045000,0.37,0.06,0.40834,1703980800,25882895,0.542372,8.1625,506425,6.38,7.68605,10.63,2.2,5.77,492000,285773696,168088000

WMK,70385,Consumer Defensive,Grocery Stores,0.05945,0.02693,0.26709998,212258000,0.084,0.03609,262180992,1140607000,55918624,87.97,0.087,2.066,0.05302,15.735,0.09696999,300070016,11.156,163.951,0.47679913,None,46.957,1504421,0.0559,1640390400,118777000,4.42,0.32,0.39395002,1703462400,16301801,0.19123,None,1631444,84.34,74.37795,88.94,2.55,54.35,198743008,2388983808,101327008

DGICA,64556,Financial Services,Insurance�Property & Casualty,0.0117,0.00424,0.00672,52545400,-0.004,0.00521,9658046,32456841,39037560,14.61,None,0.527,0.00119,6.849,0.00659,68495432,2.119,26.282,-0.047169805,None,15.873,272284,0.0084,1640908800,3497562,0.1,0.165,0.025290001,1703980800,15357411,-0.061532,11.068181,236241,14.14,14.63145,17.13,4.08,13.05,35000000,483287104,33495432

GNE,29598,Utilities,Utilities�Regulated Electric,0.34250998,0.22128001,0.55747,100417000,-0.018,0.33933997,121045000,117861000,12238250,8.97,5.908,2.67,0.35326,1.106,0.59298,61583000,2.379,13.733,0.5470383,None,5.699,159301,0.0062,1640908800,67994000,2.61,0.075,0.14331001,1703980800,20773375,0.358511,19.5,167619,8.88,7.7915,11.38,None,4.74,1695000,232471904,59888000

HCI,134785,Financial Services,Insurance�Property & Casualty,-0.00031,-0.03291,0.16219999,22485000,0.241,-0.01148,-143000,86658000,98994128,29.25,None,0.84,-0.00282,64.319,-0.028789999,360488000,39.857,51.804,-0.7613137,None,26.387,1283930,0.142,1640908800,-14290000,-0.551,0.4,0.20046,1703980800,6433920,0.856669,33.238636,1213554,30.96,61.73645,139.8,3.1,29.09,213472000,264552496,147016000

HCSG,666690,Healthcare,Medical Care Facilities,0.02555,0.012200001,0.10663,None,-0.003,0.020599999,43097000,226877000,None,13.26,-0.966,2.82,0.02865,2.073,0.04561,113381000,1.525,22.691,-0.34252757,None,5.678,5467561,0.0738,1640908800,20576000,0.28,0.214,0.0072399997,1703980800,73832258,0.275607,19.217392,6043969,13.11,16.11745,20.54,3.11,11.97,8748000,981956032,104633000

HRTG,791846,Financial Services,Insurance�Property & Casualty,-0.03388,-0.28066,0.056220002,-91807000,0.09,-0.046830002,-22240000,58223000,-72364128,1.43,None,0.679,-0.00877,84.542,-0.60868,290932000,11.258,24.152,-0.806735,None,6.987,527535,0.0199,1640908800,-184255008,-3.643,0.06,0.21945,1703980800,20000587,0.84672,3.8648646,437202,1.32,4.16055,7.37,2.79,1.29,152636992,41447832,138295008

HTBI,38766,Financial Services,Banks�Regional,0,0.2368,0,34801000,-0.077,0.33025002,None,150562000,None,22.38,None,None,0.01008,None,0.09079,128670000,8.311,9.704,-0.26250422,None,25.158,146236,0.0094,1656547200,35343000,2.23,0.09,0.105270006,1719705600,12924659,0.582535,7.690721,152966,21.97,26.91435,32.6,None,21.55,8404000,349850848,120266000

HTLD,199962,Industrials,Trucking,0.27316,0.21643,0.37375998,119151000,0.219,0.11863,174780992,227873000,-7717500,14.39,2.737,2.344,0.04583,9.104,0.17758,171879008,2.177,8.097,-0.14901257,None,10.362,1389612,0.0176,1640908800,138480992,1.76,0.02,0.43776,1703980800,46241283,0.555268,13.081819,1273770,14.22,14.56175,17.88,0.44,12.78,74466000,1135903488,97413008

IPAR,74344,Consumer Defensive,Household & Personal Products,0.17982,0.10323,0.55319,52966000,0.179,0.16726999,174216992,487902000,-2785875,74.75,0.211,2.888,0.09162,22.426,0.17259,195876992,6.148,30.488,-0.039691687,None,17.893,331417,0.0104,1640908800,100008000,3.14,0.5,0.43744,1703980800,17919839,0.981945,21.541786,306912,74.76,82.06145,108.35,1.49,64.52,162140000,2492605952,33736992

IROQ,51,Financial Services,Banks�Regional,0,0.21205999,0,8669000,0.05,0.29441,None,27275000,None,18.45,-0.004,None,0.00699,None,0.073699996,77311000,25.065,8.885,-0.17560321,None,23.232,11167,0.0034,1656547200,5784000,1.84,0.2,0.34682,1719705600,1658431,0.583271,None,10462,18.75,21.53765,27.02,1.33,17.1,24244000,64048992,53067000

BXMX,166475,Financial Services,Asset Management,0,0,1,None,0.472,0.37714002,None,18253297,None,12.53,None,1.221,0.00345,None,-0.08603,63277,0.001,0.209,-0.16632998,None,12.732,353215,0.0034,1640908800,-123354512,2.4,0.237,1.0000001e-05,1703980800,None,0.920412,None,615516,12.38,13.46385,15.22,6.96,11.72,0,1304210048,63277

ITIC,8342,Financial Services,Insurance�Specialty,0.17965999,0.13407,0.53337,43737000,-0.165,0.16991,56118000,177040000,10716625,126,-0.885,1.88,0.103310004,2.875,0.18008,106805000,56.294,164.789,-0.31005913,None,122.903,14864,0.0078,1640908800,41879000,22.03,0.46,0.25845,1703980800,1354526,0.66028,None,13409,130.73,170.30455,248,1.01,126,6704000,242126640,100101000

EPSN,54666,Energy,Oil & Gas E&P,0.68641,0.42676,0.84055,27735278,1.807,0.57637,41442912,33739309,15989354,6.63,None,4.79,0.21587999,None,0.32266998,30945604,1.347,2.56,0.19272733,None,3.858,94123,0.0041,1640908800,25765852,1.09,0.063,0.18492001,1703980800,17419803,0.269344,11.237288,110166,6.56,6.3841,7.99,None,5.01,0,152559616,30945604

FDBC,2879,Financial Services,Banks�Regional,0,0.32416,0,-6356000,0.241,0.41377997,None,78302000,None,44.49,0.195,None,0.01275,None,0.16625999,109236000,19.394,15.186,-0.13044345,None,28.826,8412,0.0015,1640908800,27832000,4.89,0.33,0.17714001,1703980800,4614129,0.353352,None,7254,43.53,42.868,59.65,2.12,34.2,18560000,250582816,90676000

GABC,67260,Financial Services,Banks�Regional,0,0.31395,0,105741000,0.097,0.4607,None,226217000,None,37.59,-0.102,None,0.01245,None,0.12027001,532959008,18.076,8.371,-0.074806094,None,19.483,436539,0.0148,1640908800,73572000,2.64,0.23,0.05965,1703980800,27632999,0.679071,11.220896,443711,36.98,37.5897,43.79,2.06,32.76,157347008,1145780736,375612000

GCV,17839,Financial Services,Asset Management,0,0,1,9239605,-0.385,-0.12186,None,2453924,-1936629,4.99,None,1.54,-0.00104,None,-0.24620001,20334,0.001,0.101,-0.20552146,None,4.462,66389,0.0034999999,1640908800,-34637408,0.12,0.12,0.03344,1703980800,None,0.99521,None,28077,5.18,5.7669,7.21,None,4.73,0,95009592,20334

GLU,9186,Financial Services,Asset Management,0,0,1,None,-0.08,0.6318,None,4237332,None,13.57,None,17.195,0.009380001,None,-0.07877,254052,0.043,0.677,-0.34236455,None,16.736,8212,0.0014,1640908800,-15877720,3.22,0.1,0.01322,1703980800,None,0.945836,None,950,13.345,17.44595,22.18,6.57,13.14,0,82144096,254052

HBCP,10486,Financial Services,Banks�Regional,0,0.27523002,0,None,0.012,0.39056998,None,127031000,None,40.27,-0.285,None,0.01131,None,0.10149,150904992,18.24,14.875,0.020278811,None,38.274,70568,0.0087,1640908800,33534000,4.58,0.23,0.11198,1703980800,6502510,0.661016,7.9428005,75015,40.25,38.69235,45.73,2.3,33.16,84313000,333167008,66591992

HBT,21175,Financial Services,Banks�Regional,0,0.32512,0,50281000,0.053,0.46001998,None,167808000,None,18.34,-0.026,None,0.01345,None,0.14725,163966000,5.692,5.922,0.02322948,None,12.965,94314,0.0033000002,1640908800,54916000,1.94,0.16,0.65844,1703980800,9885639,0.963471,7.738397,88257,18.06,18.252926,19.99,None,16.09,131903000,527720672,32063000

HCKT,65032,Technology,Information Technology Services,0.18889,0.15589,0.3833,50991000,0.024,0.17544001,54976000,106080000,36153624,20.7,0,2.211,0.1496,1.611,0.30128,61680000,1.947,9.474,-0.060055852,None,4.951,406201,0.0128,1640908800,45372000,1.4,0.11,0.15342,1703980800,24446264,0.687177,13.101266,455087,20.19,20.6253,24.78,2.08,16.92,2526000,655838144,59154000

HSII,64457,Industrials,Staffing & Employment Services,0.109560005,0.070310004,0.23037,144232000,0.149,0.10792,124017000,232805000,155028256,28.81,0.155,1.446,0.08417,21.315,0.23829001,336633984,17.056,57.669,-0.38601822,None,18.669,330637,0.0168,1640908800,79591000,3.9,0.15,0.01627,1703980800,18057832,0.796241,9.539735,406103,28.28,34.6992,49.3,1.86,25.15,78540000,577075840,258093984

HTBK,279612,Financial Services,Banks�Regional,0,0.32950002,0,62262000,0.176,0.46458998,None,158947000,None,12.86,0.636,None,0.010620001,None,0.09300999,876585024,14.449,2.784,0.07529616,None,10.009,851533,0.0139999995,1640908800,55370000,0.92,0.13,0.03886,1703980800,58276623,0.92336,9.455882,855222,12.71,11.61145,13.48,4.3,10.42,71708000,780200768,804877024

HURC,11918,Industrials,Specialty Industrial Machinery,0.06106,0.03471,0.24906,8168000,0.064,0.05093,15653000,56249000,11565375,25.13,-0.217,3.58,0.02554,3.98,0.03813,73536000,11.198,38.894,-0.2593599,None,34.988,20394,0.0031,1635638400,8793000,1.32,0.15,0.053990003,1698710400,5381192,0.504789,None,26257,24.53,27.8418,35.15,1.48,21.75,9145000,165028448,64391000

IBOC,215572,Financial Services,Banks�Regional,0,0.40767,0,293064992,-0.243,0.52612996,None,585643000,None,47.91,-0.366,None,0.014090001,None,0.101569995,3416716032,54.894,8.631,0.07818639,None,33.623,1081312,0.0174,1640908800,222588992,3.51,0.6,0.14856,1703980800,55440306,0.984156,None,826085,46.61,42.3267,48.11,2.55,38,1084051968,2982019072,2332664064

IGA,75676,Financial Services,Asset Management,0,4.78953,1,None,0.001,0.61205,None,5030081,None,8.34,None,1.518,0.010720001,None,0.13682,733681,0.045,0.307,-0.16984922,None,10.507,28836,0.0018000001,1646006400,24091720,1.38,0.197,0,1709078400,None,0.745025,None,23538,8.26,9.2812,10.71,8.55,8.05,0,136073776,733681

IGD,241603,Financial Services,Asset Management,0,4.5955,1,None,-0.05,0.65717006,None,15694346,None,5.09,None,1.6,0.0116799995,None,0.13305001,2200686,0.027,0.194,-0.1708126,None,6.356,123238,0.0015,1646006400,72123328,0.81,0.04,0,1709078400,None,0.819086,None,36785,5,5.62355,6.37,9.82,4.93,0,415848448,2200686

IIF,22882,Financial Services,Asset Management,0,0,1,None,-0.005,-1.41648,None,1788000,None,23.79,None,12.981,-0.0050700004,None,-0.03296,7067000,0.658,0.166,-0.1491133,None,26.801,7904,0.0007,1640908800,-10031000,7.33,1.001,0,1703980800,None,0.844878,None,5128,23.51,24.37145,28.39,None,21.57,0,255668768,7067000

FXNC,6662,Financial Services,Banks�Regional,0,0.23346001,0,20727000,0.251,0.35478002,None,45677000,None,14.33,-0.111,None,0.0099599995,None,0.12852,126628000,20.254,8.337,-0.3547672,None,16.045,2177,0.00029999999,1640908800,12145000,1.88,0.14,0.17006001,1703980800,4883552,0.56448,None,3559,14.55,19.3611,23.96,1.87,14.07,14273000,89593312,112355000

CULL,2081,Financial Services,Banks�Regional,0,0.16961001,0,6845000,0.29,0.31739,None,12987000,None,10.75,0.579,None,0.00642,None,0.03118,24784000,3.347,2.042,-0.12820512,None,13.327,4290,0.00059999997,1640908800,2415000,0.33,0.12,0.24917,1703980800,6297527,0.212601,None,2026,11.02,11.4379,12.97,None,10.4,0,79613320,24784000

GIM,187663,Financial Services,Asset Management,0,-2.5774,1,None,-0.367,0.79119,None,35466270,None,4.09,None,2.927,0.021879999,None,-0.11599,290353,0.003,0.278,-0.25641024,None,4.752,455760,0.0044,1640908800,-73662760,-0.378,0.03,0,1703980800,None,0.354458,None,515568,4.06,4.68455,5.5,6.01,3.97,0,421167776,290353

GLBZ,2005,Financial Services,Banks�Regional,0,0.14826,0,2656000,-0.055,0.19135,None,14045000,None,9.2,-0.359,None,0.0046,None,0.06996,51366000,17.95,4.684,-0.17515099,None,7.439,909,0.00029999999,1640908800,1982000,0.69,0.1,0.23363,1703980800,2158488,0.743183,None,448,9.79,11.3967,14.91,3.61,8.9,20439000,26326904,30927000

INSI,27947,Financial Services,Asset Management,0,-0.59775,1,None,-0.077,0.79629,None,9467499,None,14.51,None,0.884,0.020739999,2.383,-0.02587,5861918,0.547,0.884,-0.3176912,None,19.588,4128,0.0004,1648684800,-5659207,-0.528,0.18,0,1711843200,None,0.274502,None,3451,14.54,16.8998,23.02,4.13,14.29,5000000,155451440,861918

KFRC,109650,Industrials,Staffing & Employment Services,0.07086,0.0521,0.29654,107084000,0.082,0.06932,118097000,456864000,113104248,61.45,0.3,1.722,0.15039,6.581,0.43761003,29974000,1.49,81.984,-0.04439324,None,10.443,894483,0.0422,1640908800,86825000,4.15,0.3,0.05309,1703980800,18909626,0.99521,14.771635,764256,62.21,65.87445,81.47,1.81,54.34,13856000,1315490944,16118000

LKFN,99345,Financial Services,Banks�Regional,0,0.43508998,0,145976992,0.044,0.53946,None,221731000,None,76.1,0.053,None,0.01564,None,0.15767,169515008,6.687,8.806,-0.044112027,None,22.173,1859160,0.0733,1640908800,97717000,3.81,0.4,0.03521,1703980800,24468917,0.73434,18.29327,1881466,75.41,75.21335,85.71,2.19,64.05,5559000,1929264384,163956008

BCV,13541,Financial Services,Asset Management,0,0,1,None,-0.462,0.19163,None,3229488,None,16.76,None,0.503,0.00147,None,-0.1506,4159,0.001,0.399,-0.45155936,None,23.359,13758,0.0023,1635638400,-30075848,7.96,0.32,0.031400003,1698710400,None,0.966838,None,11825,16.53,20.33885,33.59,10.53,16.48,0,99301832,4159

LSBK,362,Financial Services,Banks�Regional,0,0.24634,0,9098000,0.175,0.30525,None,24532000,None,13.41,0.701,None,0.00889,None,0.07484,27350000,4.887,4.33,-0.13052207,None,14.396,3713,0.0007,1640908800,6251000,1.07,0.18,0.67620003,1703980800,1700440,0.464627,None,1312,13.33,14.2331,15.25,3.21,12.97,24950000,76538784,2400000

BGY,282880,Financial Services,Asset Management,0,0,1,42738296,0.179,0.63555,None,16287927,8364693,4.5,None,1.115,0.010829999,0.023,-0.11923,234488,0.002,0.174,-0.2934609,None,5.69,150338,0.0014,1640908800,-77731928,0.73,0.034,0,1703980800,None,0.82056,None,62532,4.43,5.34475,6.48,7.43,4.28,137718,473643008,96770

AE,2295,Energy,Oil & Gas Refining & Marketing,0.012460001,0.00434,0.017690001,4741000,1.038,0.0057300003,37125000,49657000,-12155875,31.1,-0.491,1.312,0.024549998,11.556,0.08028,67728000,15.469,686.387,0.020162582,None,38.246,13307,0.003,1640908800,12937000,2.9,0.24,0.46071,1703980800,2147039,0.883198,12.054264,2797,31.37,32.8762,39.89,2.95,26.26,19350000,136165760,48378000

MARPS,26326,Energy,Oil & Gas Midstream,0,0.83512,1,None,2.247,0.83512,None,1441940,None,9.34,2.858,None,0.73206,None,1.1712899,1154136,0.577,0.721,0.6920078,None,0.577,8673,0.0043,1656547200,1204193,0.6,0.262,0.19418,1719705600,1611640,0.602431,None,7086,8.7,7.6698,32,9.72,4.11,0,18680000,1154136

MBCN,6214,Financial Services,Banks�Regional,0,0.31351,0,None,-0.012,0.41551,None,54776000,None,28.8,-0.139,None,0.012519999,None,0.12649,128577000,22.292,9.245,0.10899389,None,21.3,16035,0.0028,1640908800,17008000,2.89,0.17,0.054959998,1703980800,5382975,0.572955,11.428571,9142,29.1,25.948,30.62,2.59,23.65,92107000,166112640,36470000

MGF,146805,Financial Services,Asset Management,0,0,1,None,-0.338,0.67489,None,3653114,None,3.13,None,0.351,0.00815,None,-0.08311,10222,0,0.092,-0.25768322,None,3.826,127030,0.0039,1638230400,-11256721,-0.064,0.022,0,1701302400,None,0.171333,None,23465,3.14,3.64625,4.33,7.85,3.11,0,102679656,10222

MGYR,956,Financial Services,Banks�Regional,0,0.25124002,0,10602000,0.072,0.36541,None,27367000,None,12.4603,0.325,None,0.0086900005,None,0.087510005,27943000,3.937,4.861,0.095614076,None,14.227,23745,0.0033000002,1632960000,7099000,1.18,0.03,0.13547,1696032000,6428429,0.181282,None,1839,12.485,12.08495,13.23,None,11.3,20675000,88440968,7268000

MNSB,76371,Financial Services,Banks�Regional,0,0.3563,0,None,0.35,0.46321,None,60821000,None,25.17,0.724,None,0.01359,None,0.12784,104734000,14.56,8.864,-0.028827429,None,21.804,7098,0.001,1640908800,21752000,2.47,0.05,0.08161,1703980800,5547786,0.43773,7.070225,9192,24.93,24.09385,28.5063,None,20.77,72146000,186643600,32588000

MTR,21275,Energy,Oil & Gas E&P,0,0.86100996,1,None,0.747,0.90297997,None,908277,None,16.11,0.758,2.215,0.35007,None,0.6873,934644,0.502,1.099,1.400589,None,1.381,233,0.0001,1640908800,1763725,0.95,0.124,0,1703980800,None,0.860722,None,5676,16.3012,12.3876,28,9.39,5.2,0,31641008,934644

MVBF,15966,Financial Services,Banks�Regional,0,0.20069,0,19475000,-0.022,0.18974,None,135247000,None,25.5,-0.685,None,0.00942,None,0.107250005,162256992,13.268,11.413,-0.42318243,None,20.631,217646,0.0178,1640908800,27609000,2.16,0.17,0.16157,1703980800,10861456,0.945836,7.478006,216616,25.23,35.87085,44.216,1.16,24.84,99946000,319823552,62310992

MVO,106307,Energy,Oil & Gas E&P,0,0.9346,1,None,0.999,0.9346,None,12078886,None,13.39,1.024,None,1.3333701,None,2.13338,461481,0.04,1.605,0.42417336,None,0.626,22971,0.002,1640908800,17250000,1.5,0.685,0.37717998,1703980800,7608860,0.968312,6.4375005,25166,12.49,11.3239,15.14,15.47,7.53,0,156450096,461481

NBHC,149015,Financial Services,Banks�Regional,0,0.28999,0,172716000,-0.075,0.34627998,None,301461000,None,40.25,-0.13,None,0.0113699995,None,0.09752,476007008,15.909,9.232,-0.102850616,None,27.261,595916,0.018,1640908800,81170000,2.65,0.23,0.01685,1703980800,25766584,0.879882,10.294117,519925,39.34,40.9501,48.24,1.99,36.04,69949000,1512184448,406058008

NBTB,151334,Financial Services,Banks�Regional,0,0.30833998,0,164688000,0.009,0.42363998,None,487139000,None,42.58,-0.043,None,0.01302,None,0.12566,598881984,13.98,11.395,0.113981366,None,27.746,799172,0.0187,1640908800,151644000,3.49,0.3,0.040170003,1703980800,41807777,0.523581,11.795014,861102,41.83,38.3989,43.41,2.9,34.58,340988992,1824080384,257892992

NC,15517,Energy,Thermal Coal,0.0837,0.37941003,0.26821,86038000,0.337,-0.029070001,18182000,43452000,-34882624,55.14,4.575,5.009,-0.00773,6.865,0.22948,97113000,13.24,30.057,0.75770926,None,54.888,82777,0.0113,1640908800,82421000,11.32,0.208,0.51839,1703980800,3872048,0.826823,None,83647,55.86,42.16005,63.19,2.33,28.32,27641000,431962880,69472000

NECB,13906,Financial Services,Banks�Regional,0,0.30271,0,21656000,0.262,0.39879,None,42047000,None,12.51,0.509,None,0.012159999,None,0.06701,86327000,5.768,2.973,0.15363383,None,17.073,216038,0.013200001,1640908800,13977000,0.9,0.06,0.10543,1703980800,14482644,0.564848,7.7222223,140629,12.54,11.95745,13.15,1.34,10.52,23858000,207000464,62469000

NHC,70594,Healthcare,Medical Care Facilities,0.069699995,0.02882,0.39365003,21057000,0.093,0.03234,74869000,392280000,-35564624,58.85,-0.97,1.76,0.01546,16.848,0.033,219831008,14.194,69.767,-0.15806496,None,57.975,181650,0.0117,1640908800,30961000,2,0.57,0.19172001,1703980800,12537598,0.33014,136.86046,160067,59.87,68.4265,76.82,2.89,58.28,152068992,925316160,67762016

NIM,24717,Financial Services,Asset Management,0,-0.72682,1,None,-0.065,0.81914,None,4159429,None,8.84,None,1.758,0.01616,None,-0.0231,211190,0.017,0.334,-0.15457118,None,10.257,13799,0.0011,1648684800,-3023152,-0.243,0.023,0,1711843200,None,0.228076,None,14006,8.97,9.49445,11.2,3.03,8.78,0,110027944,211190

NNY,46966,Financial Services,Asset Management,0,-0.01721,1,None,0.136,0.83581,None,5928270,None,8.26,None,8.805,0.01816,None,-0.00059999997,3516581,0.186,0.314,-0.1593011,None,9.844,20038,0.0011,1646006400,-102050,0.02,0.026,0,1709078400,None,0.191599,None,13732,8.18,8.84915,10.2,3.44,7.95,0,155999184,3516581

NPK,16079,Industrials,Aerospace & Defense,0.06646,0.05213,0.16315001,26477000,-0.115,0.05745,21634000,64396000,10530750,68.83,-0.283,6.72,0.0292,2.952,0.04946,110118000,15.604,46.043,-0.20098156,None,47.665,131569,0.0186,1640908800,16968000,2.4,4.5,0.28246,1703980800,5063653,0.629697,79.114944,159875,66.75,73.08175,89.5,1.1,59.99,9930000,485730560,100188000

NRC,35732,Healthcare,Health Information Services,0.36025003,0.23815,0.62838,38889000,0.024,0.32493,54686000,95604000,29107124,40.64,-0.057,1.308,0.21402,37.112,0.49867,32974000,1.332,6.001,-0.067248106,None,2.772,470085,0.019,1640908800,36134000,1.42,0.24,0.43186,1703980800,14201611,0.522844,35.034485,348920,40.27,37.5793,52.36,1.24,30.93,25468000,1030028928,7506000

WBI,1213010,Financial Services,Banks�Regional,0,0.25190002,0,127280000,-0.149,0.35668,None,546034000,None,13.82,-0.316,None,0.008909999,None,0.08262999,537284992,4.235,3.998,-0.0405311,None,11.779,7722047,0.060900003,1640908800,126147000,1,0.2,0.00991,1703980800,125317998,0.534635,12.563636,7182811,13.73,13.61065,15.22,5.15,12.04,404385984,1753426304,132899008

NWFL,832,Financial Services,Banks�Regional,0,0.36972,0,29830000,0.14,0.47294,None,69438000,None,27.55,0.2,None,0.01349,None,0.14747,110833000,13.64,9.142,0.08690524,None,21.391,13387,0.0016,1640908800,27602000,3.37,0.28,0.09506,1703980800,7184218,0.419307,None,19238,27.64,26.72285,29,3.4,23,80426000,224953456,30407000

NWLI,2676,Financial Services,Insurance�Life,0.29343998,0.21766001,0.48035,410358016,-0.473,0.27215,182816992,353869000,245164368,192.9,-0.383,None,0.00763,0.056,0.058509998,1440205952,396.094,171.343,-0.15883666,None,576.33,43538,0.012,1640908800,135602000,38.35,0.36,0.00901,1703980800,2535324,0.910095,None,39911,188,202.2459,236.97,0.15,166.94,1174000,701388224,1439031952

NXN,20802,Financial Services,Asset Management,0,-0.17108999,1,None,-0.104,0.87703,None,1842433,None,10.8401,-0.503,10.81,None,None,None,788037,0.201,None,-0.19501466,None,13.894,7467,0.0019,1646006400,-315225,0.6,0.037,0,1709078400,None,0.243551,None,3436,10.9837,12.17385,14.31,3.59,10.81,0,42674440,788037

OBT,3486,Financial Services,Banks�Regional,0,0.26398,0,23581000,-0.111,0.35139,None,70135000,None,42.88,-0.675,None,0.00833,None,0.12915,271444992,48.167,12.668,0.15115964,None,25.858,20690,0.0037,1640908800,18509000,3.32,0.2,0.16386999,1703980800,3373534,0.211127,9.065539,17573,43.18,38.6337,44.7,2.73,32.31,22413000,241651104,249031992

OFED,5196,Financial Services,Banks�Regional,0,0.24164,0,5708000,0.052,0.30726,None,16963000,None,25.75,0.236,None,0.00753,None,0.050180003,10982000,1.959,3.041,0.025952935,None,13.429,7669,0.0014,1656547200,4092000,0.73,0.1,0.78488,1719705600,1174798,0.464259,None,6776,25.41,23.5928,27,1.63,20.24,9000000,144438704,1982000

OFLX,22646,Industrials,Specialty Industrial Machinery,0.26237,0.18924999,0.63109,15042000,-0.007,0.25366,34167000,81531000,11948000,87.76,-0.119,3.663,0.24837999,5.307,0.41847,30272000,2.999,12.901,-0.4303155,None,6.413,519570,0.0515,1640908800,24645000,2.45,0.32,0.67171997,1703980800,3313764,0.494104,None,515510,83.06,118.56995,161.39,1.04,77.28,3446000,973863936,26826000

OPBK,53660,Financial Services,Banks�Regional,0,0.38606998,0,35066000,0.308,0.58985,None,76521000,None,11.16,0.287,None,0.01924,None,0.21164,132792000,8.743,5.82,0.058215976,None,11.159,45693,0.003,1640908800,33452000,2.2,0.12,0.22422001,1703980800,11793809,0.544952,5.09589,67814,11.27,12.3041,14.86,None,10.25,9335000,170865184,123457000

OPOF,1049,Financial Services,Banks�Regional,0,0.14329,0,17291000,0.048,0.16304001,None,52885000,None,26.6045,0.057,None,0.0058,None,0.067930005,86816000,17.314,10.095,0.27753937,None,19.973,18658,0.0037,1640908800,7509000,1.44,0.13,0.19802,1703980800,2926910,0.54053,None,551,26.79,24.968,29.06,2.1,20.57,34734000,133401344,52082000

ORRF,17728,Financial Services,Banks�Regional,0,0.25094998,0,None,0.074,0.34634,None,114049000,None,24.86,-0.2,None,0.01028,None,0.11844,66927000,6.263,10.951,0.023177385,None,21.303,148230,0.0139,1640908800,29387000,2.71,0.19,0.040260002,1703980800,9868366,0.79403,7.226744,159218,24.28,24.54505,27.37,2.98,21.81,54642000,265656448,12285000

OVBC,418,Financial Services,Banks�Regional,0,0.21888,0,14175000,-0.025,0.27145,None,51296000,None,26.4,-0.299,None,0.0092,None,0.084300004,95967000,20.111,10.98,-0.023853183,None,27.782,10016,0.0021,1640908800,11464000,2.4,0.21,0.11226,1703980800,3959809,0.208916,None,12434,26.6,29.8166,32.49,2.77,22.68,28100000,125974728,67867000

BPT,302678,Energy,Oil & Gas Refining & Marketing,0,0.94711,1,None,None,0.94711,None,9417000,None,12.96,None,21.761,8.794781,None,18.35059,6006000,0.281,2.151,2.2481751,None,0.268,948311,0.044299997,1640908800,43601000,2.04,0.703,0,1703980800,None,0.238761,3.2481203,409548,13.35,14.60895,26.08,None,3.41,0,277344000,6006000

PBT,215010,Energy,Oil & Gas Midstream,0,0.93834996,1,None,1.594,0.93834996,None,11810626,None,18.66,1.768,1.257,2.7116,None,50.382538,5373245,0.115,0.396,1.2567568,None,0.007,209382,0.0045,1640908800,17316932,0.37,0.224,0.09996,1703980800,37841215,0.988577,None,196848,18.37,15.5113,23.08,7.15,7.6,0,869720192,5373245

MCY,420443,Financial Services,Insurance�Property & Casualty,-0.1086,-0.10520001,-0.04276,379248992,-0.229,-0.13321,-387988000,649917000,33465376,28.86,None,0.692,-0.04508,24.238,-0.19569999,462132000,8.346,64.521,-0.49683434,None,30.022,1526589,0.0276,1640908800,-375838016,-1.011,0.318,0.52012,1703980800,26565959,0.522107,28.294119,1737540,28.61,45.1669,57,5.07,27.89,402928992,1598009984,59203008

PCSB,27393,Financial Services,Banks�Regional,0,0.26816,0,20811000,0.127,0.37203997,None,55486000,None,18.82,0.024,None,0.0077,None,0.053940002,118457000,8.218,3.898,0.03901899,None,19.229,143607,0.0094,1656547200,14879000,1.04,0.07,0.13391,1719705600,12178770,0.558585,17.754717,129556,18.64,18.9214,19.95,None,17.65,57150000,288599040,61307000

PCTI,18104,Technology,Communication Equipment,0.05246,-0.00176,0.44777,2881000,0.152,0.01758,5033000,40478000,3495375,4.46,None,4.088,0.0123000005,5.323,-0.00253,28073000,1.535,5.339,-0.23850083,None,3.537,98309,0.0053,1640908800,-169000,-0.042,0.055,0.15805,1703980800,13751723,0.42815,10.136364,106935,4.47,4.64535,6.11,3.77,3.9,3443000,83303432,24630000

AUBN,370,Financial Services,Banks�Regional,0,0.26758,0,11085000,-0.063,0.32096002,None,28878000,None,24.2999,-0.203,None,0.0072000003,None,0.08377,133114000,37.94,8.093,-0.28726524,None,21.683,3064,0.00090000004,1640908800,7629000,2.16,0.265,0.35734,1703980800,2255808,0.591378,None,1738,24.22,29.54025,37.11,2.67,21.77,4147000,86732416,128967000

BKE,393896,Consumer Cyclical,Apparel Retail,0.26594,0.1918,0.597,244779008,0.023,0.25209,348756992,773691000,172763872,36.22,-0.029,2.012,0.23725,67.991,0.58054,284118016,5.773,26.694,-0.19008839,None,7.904,2943895,0.0588,1643414400,251530000,5.09,0.35,0.39805,1706486400,29035560,0.890198,6.658088,3310868,34.81,33.2313,57.1,4.19,26.5,264470000,1814433664,19648016

PEBK,431,Financial Services,Banks�Regional,0,0.1851,0,19359000,0.018,0.23687,None,70056000,None,25,-0.287,None,0.00797,None,0.10137,223707008,39.657,12.822,-0.11320084,None,19.927,14672,0.0026,1640908800,13066000,2.3,0.18,0.20093,1703980800,4276183,0.652173,None,5974,24.99,27.076,30,2.24,24.42,58653000,141025744,165054008

MCBC,47707,Financial Services,Banks�Regional,0,0.33097,0,30031000,-0.066,0.41798002,None,81814000,None,9.79,-0.169,None,0.00908,None,0.10578,764758016,22.327,2.294,0.15952384,None,7.097,302637,0.0088,1640908800,25986000,0.76,0.08,0.24021,1703980800,26418425,0.638172,10.197917,357283,9.74,9.20385,10.28,3.05,8.31,34556000,335337856,730202016

PETS,328501,Healthcare,Pharmaceutical Retailers,0.10074,0.07358,0.28846002,25300000,-0.115,0.08998,26625000,78076000,19477124,21.47,-0.376,5.615,0.08793,None,0.13864,105414000,5.207,13.083,-0.2544675,None,6.934,4505786,0.21440001,1648684800,19447000,0.96,0.3,0.043070003,1711843200,18123936,0.579955,19.51818,4950853,20.86,22.91925,32.67,3.99,19.02,0,451166272,105414000

MIXT,15623,Technology,Software�Application,0.19642,0.042480003,0.62956,13991000,0.005,0.092659995,28177000,91435000,-9005875,7.95,-0.844,1.747,0.047810003,9.303,0.04982,24639000,1.115,6.5,-0.38596493,None,5.225,26931,0.0011999999,1648684800,6094000,0.28,0.06,0.06172,1711843200,15245968,0.469427,14.722221,29417,7.7,9.73395,13.16,1.96,6.75,10767000,175563024,13872000

BPRN,21141,Financial Services,Banks�Regional,0,0.36091998,0,None,0.183,0.49144,None,63642000,None,30.02,0.239,None,0.01559,None,0.11927,47965000,7.718,11.054,0.001668334,None,34.194,70443,0.0113,1640908800,25506000,3.69,0.25,0.22997,1703980800,4713207,0.505158,8.247252,71761,29.77,29.06312,32.05,None,26.57,23518000,187885280,24447000

MRTN,313149,Industrials,Trucking,0.19808,0.09069,0.27313998,None,0.291,0.1046,239311008,277364000,None,17.95,0.233,1.796,0.085760005,0.031,0.16695999,71492000,0.882,14.705,0.071002364,None,8.415,2151588,0.026600001,1640908800,109570000,1.32,0.06,0.29444999,1703980800,57294771,0.924097,13.296297,2154883,17.76,18.3671,23.43,0.68,15.7,214000,1455683968,71278000

BOTJ,1679,Financial Services,Banks�Regional,0,0.20113,0,8877000,0.072,0.27118,None,38788000,None,11.5,0.143,None,0.00875,None,0.1346,74854000,15.907,8.572,-0.26704907,None,11.247,12089,0.0026,1640908800,8171000,1.72,0.07,0.13481,1703980800,4066676,0.801031,None,1572,11.25,13.69745,16.82,1.87,10.64,20756000,54115088,54098000

ADX,158095,Financial Services,Asset Management,0,0,1,None,0.068,0.59237,None,32963677,None,15.18,None,0.936,0.00529,None,-0.09847,246372,0.002,0.289,-0.27507162,None,17.979,683406,0.0058,1640908800,-229809792,5.59,0.05,0.08179,1703980800,116078176,0.964627,None,631527,14.82,16.77455,22.33,5.28,14.2,0,1788811264,246372

PTRS,3560,Financial Services,Banks�Regional,0,0.17192,0,13975000,0.068,0.26449,None,52429000,None,9.55,0.452,None,0.0058,None,0.070300005,316416000,17.634,3.07,0.068232656,None,7.449,9582,0.0005,1640908800,9446000,0.53,0.025,0.4486,1703980800,9885354,0.696757,None,4633,9.4,9.39185,10.62,1.28,8.46,57164000,173541648,259252000

PVBC,112929,Financial Services,Banks�Regional,0,0.27598,0,20667000,0.364,0.40794998,None,62712000,None,12.09,0.833,None,0.01175,None,0.08407,154804000,8.886,4.351,-0.32795995,None,13.771,159698,0.009,1640908800,19820000,1.16,0.04,0.17837,1703980800,15607985,0.862932,7.8,180318,12.41,15.63345,20.14,None,11.975,95835000,214216672,58969000

NL,11652,Industrials,Security & Protection Services,0.115430005,0.48596,0.30268,17620000,0.15,0.08986,17587000,42749000,-5310875,8.25,1.382,6.634,0.01408,0.119,0.19615,151248000,3.098,3.122,0.36138618,None,8.154,176506,0.0036000002,1640908800,74043000,1.52,0.07,0.83012,1703980800,8295746,0.959469,5.851064,178268,8.01,7.8929,10.71,None,5.51,500000,402729536,150748000

NMI,27016,Financial Services,Asset Management,0,-2.17948,1,None,-0.079,0.81039,None,4311812,None,8.55,None,2.082,0.01985,None,-0.08625,977724,0.097,0.412,-0.26483232,None,10.126,14267,0.0014,1635638400,-9018727,0.58,0.03,0.00095,1698710400,None,0.130803,None,1896,8.5999,9.6634,12.83,3.79,8.51,0,85894160,977724

NXC,8969,Financial Services,Asset Management,0,-0.39725,1,None,-0.038,0.89992,None,3500899,None,12.62,-0.685,2.88,None,None,None,216337,0.034,None,-0.18317151,None,15.148,16523,0.0026,1646006400,-1390750,0.49,0.042,0,1709078400,None,0.303979,None,2174,12.73,14.18985,17,3.5,12.58,0,82733688,216337

NXP,102225,Financial Services,Asset Management,0,-2.9408402,1,None,0.88,0.93281996,None,15006076,None,13.08,None,3.958,0.01779,None,-0.09012,1324048,0.028,0.321,-0.23058826,None,15.134,49239,0.0011,1648684800,-44130556,-0.943,0.046,0,1711843200,None,0.244657,None,36562,13.05,14.1336,17.11,3.56,12.9,0,612132224,1324048

RAND,4947,Financial Services,Asset Management,0,0.20287001,1,658806,0.668,0.63506,None,4076303,925759,14.7,None,0.554,0.02791,None,0.01656,1189146,0.461,1.831,-0.051612914,None,22.342,334,0.0001,1640908800,958909,0.38,0.15,0.76212996,1703980800,602204,0.285187,None,231,13.73,14.9076,18.8,None,13.04,0,38616164,1189146

RBCAA,25474,Financial Services,Banks�Regional,0,0.31857002,0,138134000,-0.147,0.34080002,None,291666000,None,43.4,0.038,None,0.01442,None,0.10507,800222976,40.535,13.73,-0.19330853,None,42.556,86415,0.0044,1640908800,88641000,4.42,0.341,0.51181,1703980800,9066192,0.543846,10.357995,86552,41.5,45.1192,57.62,2.58,38.17,369979008,855344576,430243968

RCG,1156,Financial Services,Asset Management,0,0,1,-1940175,2.268,-0.6195,None,69596,-12725,2.19,None,0.855,-0.00357,None,-0.20177999,69887,0.01,0.02,-0.21785712,None,2.117,442,0.0001,1640908800,-3111453,0.88,0.023,0.12465999,1703980800,None,0.697126,None,9769,2.1831,2.2555,3.28,None,2,0,15364559,69887

BANR,459788,Financial Services,Banks�Regional,0,0.31616,0,None,-0.05,0.42859,None,626695000,None,66.33,-0.007,None,0.011569999,None,0.12415,1150304000,33.643,17.616,0.09836066,None,41.199,691875,0.0202,1640908800,190924992,5.53,0.44,0.01487,1703980800,33592036,0.922623,10.562102,695350,67.29,59.601,69.67,2.92,52.35,464727008,2267942144,685576992

FCAP,560,Financial Services,Banks�Regional,0,0.29106,0,19296000,0,0.34412998,None,38208000,None,25.35,-0.01,None,0.00977,None,0.111090004,128454000,38.092,11.273,-0.37714988,None,25.35,4808,0.0014,1640908800,10992000,3.27,0.26,0.042680003,1703980800,3203500,0.261606,None,4345,24.91,33.53465,43.8,2.17,23.44,0,85485528,128454000

FCBC,25129,Financial Services,Banks�Regional,0,0.31615,0,56706000,-0.026,0.42788,None,145246000,None,34.76,-0.118,None,0.013739999,None,0.10381,398241984,24.265,8.207,0.059110284,None,25.333,282477,0.0172,1640908800,43891000,2.59,0.29,0.12697,1703980800,14313128,0.467207,12.370107,261321,33.66,30.29325,36.73,3.26,26.51,3349000,570494976,394892984

ATEN,659773,Technology,Software�Infrastructure,0.19184,0.38391,0.79863,55401000,0.149,0.16233999,51159000,196537000,39350124,16.09,0.625,2.218,0.0795,12.252,0.64134,166792992,2.19,3.47,0.17018187,None,2.564,3803774,0.0523,1640908800,102379000,1.27,0.05,0.00865,1703980800,69782719,0.907516,20.1125,3693137,15.64,14.2856,19.05,None,12.27,23862000,1169292544,142930992

RELL,245244,Technology,Electronic Components,0.106529996,0.09064,0.32888,3553000,0.258,0.09195,25405000,71700000,100000,22.47,1.263,3.628,0.07881,1.983,0.16417,35633000,2.563,17.542,1.0279784,None,10.119,205437,0.0148,1653696000,21616000,1.56,0.06,0.09401,1716854400,8479807,0.541267,13.14035,258429,22.23,14.2749,22.53,3.5,10.36,2789000,305612224,32844000

BRN,33223,Energy,Oil & Gas E&P,0.20759001,0.29073998,0.48294997,4395000,0.57,0.09255,5143000,6002000,-4544875,3.11,-0.576,2.505,0.051030003,1.079,0.70445997,12574000,1.263,2.581,0.21011674,None,1.801,16624,0.0017,1632960000,7203000,0.76,0.015,0.46519002,1696032000,5334195,0.484524,None,36923,2.95,2.7813,6.38,None,2.12,194000,30965304,12380000

BCML,40647,Financial Services,Banks�Regional,0,0.25010002,0,12771000,0.088,0.35621,None,83609000,None,17.89,-0.22,None,0.009,None,0.07872,357352992,26.996,7.579,-0.030352294,None,24.228,167867,0.0126,1640908800,22557000,1.9,0.05,0.06033,1703980800,12504444,0.685335,6.8807693,207598,18.55,20.726,23.54,None,17.52,84831000,239219712,272521992

CALM,635518,Consumer Defensive,Farm Products,0.19451,0.13076,0.25961,323132992,1.026,0.16214001,410508992,337059000,203896256,58.69,None,3.38,0.15461999,None,0.25244,281804992,2.879,43.496,0.6293726,None,24.283,6031696,0.1233,1653696000,275963008,5.66,0.749,0.14497,1716854400,84661958,-0.144067,18.003067,6279225,59.28,50.44685,62.64,None,35.1,0,2939875840,281804992

CCBG,51709,Financial Services,Banks�Regional,0,0.16339001,0,111831000,-0.025,0.22612,None,211959000,None,34.23,0.159,None,0.0088,None,0.10401,699569984,41.25,12.173,0.26871753,None,21.916,221193,0.012999999,1640908800,33631000,1.99,0.17,0.23929001,1703980800,13420557,0.630803,11.041936,285173,33.76,28.9205,35.77,1.88,24.43,105508000,596509056,594061984

AMSF,66228,Financial Services,Insurance�Specialty,0.19093001,0.15646,0.27355,36973000,-0.162,0.18716998,56307000,105603000,128639752,52.43,-0.741,2.299,0.02389,None,0.10814,119801000,6.214,15.261,-0.1086365,None,19.957,202809,0.0105,1640908800,46140000,2.38,0.31,0.020450002,1703980800,18884323,0.228813,18.20486,203130,50.43,49.21255,64.9,1.72,44.06,0,1011060096,119801000

AMSWA,115775,Technology,Software�Application,0.115609996,0.09236,0.59889,24468000,0.069,0.107580006,14980000,75795000,21406500,15.86,-0.327,2.728,0.047470003,0.628,0.092159994,114832000,3.408,3.866,-0.42805624,None,3.954,486891,0.014400001,1651276800,11968000,0.34,0.11,0.01114,1714435200,29652041,0.858142,31.72,487660,15.46,18.43245,33.27,2.84,14.52,837000,534428064,113995000

BMI,402574,Technology,Scientific & Technical Instruments,0.20686,0.11956,0.39321998,79819000,0.15,0.15804,114601000,205484000,70269872,101.52,0.13,3.199,0.10009,None,0.1626,114787000,3.929,18.966,-0.022342086,None,14.474,929457,0.0318,1640908800,66233000,2.26,0.225,0.0061000003,1703980800,29033674,0.828297,39.811764,916976,97.68,91.2821,112.36,0.96,73.2,0,2971398912,114787000

CASS,36295,Industrials,Specialty Business Services,0.25869,0.18906,0.41667,None,0.215,0.23579,45592000,63163000,None,40.8,0.333,0.949,0.01059,None,0.15167,346993984,25.624,12.954,-0.030418277,None,14.159,179552,0.013099999,1640908800,33321000,2.41,0.28,0.104779996,1703980800,12100860,0.584377,None,173576,39.56,37.19805,46.26,2.21,31.85,0,559066048,346993984

CCF,23384,Basic Materials,Specialty Chemicals,0.24258,0.14261,0.37770998,38503000,0.113,0.19171,76583000,118676000,31014624,86.16,0.093,8.026,0.09327,2.326,0.12829,124683000,13.235,33.599,-0.14131951,None,38.91,91877,0.0097,1630368000,44723000,4.74,1,0.12956999,1693440000,7409415,0.628592,None,75704,84.26,87.2652,114.22,0.82,74.36,8526000,825011328,116157000

SAL,7668,Financial Services,Banks�Regional,0,0.29764,0,None,0.091,0.38264,None,52691000,None,24.7,0.25,None,0.010629999,None,0.12380999,56297000,9.899,9.45,-0.059584975,None,21.656,12124,0.0021,1640908800,15620000,2.74,0.16,0.083409995,1703980800,4831846,0.656226,7.71875,6674,24.03,25.66525,29.95,2.7,22.5,56061000,148482320,236000

SAMG,38276,Financial Services,Asset Management,0.29885,0.16656,0.45039,35766000,-0.028,0.26961002,39732000,59039000,15186750,17,0.68,2.451,0.10925999,28.899,0.31241,67558000,6.816,13.588,0.06382978,None,9.147,143571,0.0145000005,1640908800,22144000,2.26,0.18,0.108559996,1703980800,9874689,0.795873,9.392265,161180,16.64,18.4022,22.68,4.18,15.4,37492000,170722496,30066000

ETW,184836,Financial Services,Asset Management,0,0,1,None,0.056,0.44011003,None,21178032,None,8.53,None,0.46,0.0056,None,-0.13496,167970,0.002,0.2,-0.23291367,None,8.687,234210,0.0021,1640908800,-142992976,1.5,0.073,0,1703980800,None,0.948784,None,169689,8.53,9.262,11.3,9.43,7.57,0,950412544,167970

CBFV,467,Financial Services,Banks�Regional,0,0.23302999,0,16287000,-0.365,0.35127,None,57487000,None,21.13,None,None,0.00851,None,0.09836,81121000,15.879,9.897,-0.120316386,None,22.185,13420,0.0026,1640908800,12113000,2.28,0.24,0.1016,1703980800,4588587,0.603537,8.189922,8123,21.29,23.15465,26.8,3.84,20.49,51791000,107944504,29330000

SGA,20420,Communication Services,Broadcasting,0.19567,0.107930005,0.24049999,17241000,0.063,0.14813,22068500,25098000,8358000,24.5,0.167,4.679,0.0417,2.899,0.0616,52340000,8.647,19.005,0.064291954,None,33.157,11112,0.0018000001,1640908800,11941000,2.04,2.25,0.21502,1703980800,2725171,0.44731,None,8547,23.475,23.78865,29.75,None,21.5,5818000,148294576,46522000

BFIN,8999,Financial Services,Banks�Regional,0,0.15361,0,1079000,0.049,0.21414,None,50701000,None,9.55,0.461,None,0.00475,None,0.04897,270719008,20.582,3.832,-0.16154522,None,11.718,19745,0.0015,1640908800,7850000,0.59,0.1,0.05165,1703980800,10918839,0.45689,7.5793653,13555,9.5,10.102,11.65,3.38,9.18,19612000,125615928,251107008

BKSC,640,Financial Services,Banks�Regional,0,0.30575,0,14117598,-0.025,0.39813,None,21125342,None,16.47,-0.069,None,0.010140001,None,0.13058,42647056,7.681,3.702,-0.17650002,None,7.495,8453,0.0015,1640908800,6273194,1.11,0.17,0.34511003,1703980800,4114681,0.380987,None,1761,16.43,17.91405,21.04,3.4,14.7,13737768,91447200,28909288

SMBC,15021,Financial Services,Banks�Regional,0,0.38261002,0,67342000,0.083,0.50786,None,123283000,None,53.23,-0.083,None,0.01595,None,0.15614,91560000,9.921,13.707,0.10229862,None,34.764,90612,0.0098,1656547200,46974000,5.21,0.21,0.15547,1719705600,7759870,0.927044,9.114726,102425,52.25,49.972,61.93,1.58,41.79,64861000,508360320,26699000

SMBK,33329,Financial Services,Banks�Regional,0,0.23618999,0,43408000,0.218,0.37691003,None,135710000,None,27.25,0.052,None,0.00823,None,0.0875,659966016,39.055,8.949,0.045663834,None,24.88,136640,0.0081,1640908800,34731000,2.02,0.07,0.14765,1703980800,14359082,0.673544,8.81877,140062,26.54,25.51765,28.63,None,22.63,68851000,476964928,591115016

SOR,1949,Financial Services,Asset Management,0,-2.6802201,1,None,0.002,0.70924,None,11952474,None,35.67,None,5.448,0.0141199995,None,-0.08619001,1865373,0.224,1.434,-0.22219801,None,40.176,2346,0.00029999999,1640908800,-32063440,4.93,0.185,0,1703980800,None,0.731392,None,5562,35.3552,39.09295,47.3,3.36,34.43,0,300010720,1865373

CPHC,5123,Consumer Cyclical,Gambling,0.322,0.19346,0.50609,12454559,0.12,0.27781,21482232,30627349,5691788,23.5,-0.077,1.934,0.13139,0.069,0.21240999,14651635,3.007,13.865,0.44882858,None,13.8,3187,0.0007,1640908800,12906558,2.67,0.07,0.37187,1703980800,2052287,-0.090641,None,1098,23.48,22.10225,32.92,None,15.14,46406,114505864,14605229

ESQ,30196,Financial Services,Banks�Regional,0,0.32492,0,32253000,0.245,0.42542,None,57772000,None,39.24,0.368,None,0.017690001,None,0.14948,204227008,26.756,8.522,0.24334598,None,19.068,218425,0.027,1640908800,20942000,2.59,0.09,0.14945,1703980800,5335081,0.830508,9.984733,208553,39.3,35.62465,41.68,None,28.87,2703000,324537184,201524008

MPB,21092,Financial Services,Banks�Regional,0,0.23401,0,57343000,0.241,0.40576,None,127109000,None,31.7,-0.173,None,0.00875,None,0.081199996,243756000,15.352,10.31,0.12891734,None,31.185,169586,0.0107,1640908800,34000000,2.17,0.2,0.1169,1703980800,13969158,0.500736,8.544475,159685,31.43,28.2724,33.89,2.67,24.81,88911000,503338944,154845000

NTIC,4363,Basic Materials,Specialty Chemicals,0.029289998,0.105579995,0.32439,3617339,0.23,0.008090001,2033180,19573005,-7882251,13.3,-0.484,2.736,0.0044400003,7.458,0.11991,6128843,0.664,7.547,-0.163522,None,7.064,12859,0.0014,1630368000,7329121,0.76,0.07,0.3101,1693440000,7631478,0.989314,13.3,11058,13.29,11.83805,17.6,None,9.05,5121601,122791984,1007242

NTIP,1156,Industrials,Specialty Business Services,0.72936,0.15972,0.95005,3621000,None,0.71212,12645000,34228000,6424250,2.23,None,48.801,0.1322,0.346,0.04918,52125000,2.193,0.722,-0.22569442,None,2.353,8125,0.00029999999,1640908800,2769000,0.11,0.05,0.38426,1703980800,14635220,0.281503,None,14747,2.27,2.441,3.03,3.84,2.15,194000,53003756,51931000

RGP,189031,Industrials,Consulting Services,0.12033,0.08765,0.39793998,43684000,0.114,0.109919995,99386000,316642000,51132124,17.76,0.359,2.855,0.108219996,10.91,0.19758,72575000,2.15,24.992,0.006802678,None,11.613,680783,0.0202,1653696000,72392000,2.14,0.14,0.04595,1716854400,32202371,0.785187,8.88,555611,17.73,18.31365,23.18,3.54,15.69,42763000,616319936,29812000

RGR,68959,Industrials,Aerospace & Defense,0.27568,0.19022,0.35176998,128519000,-0.297,0.23763001,180159008,279550000,60073376,52.7,-0.532,6.13,0.23038,0.645,0.35211,208539008,11.803,37.103,-0.3477723,None,21.901,1087587,0.0616,1640908800,124312000,6.99,0.47,0.02405,1703980800,16165420,0.450257,11.763393,1304604,52.02,63.57525,81.72,2.73,49.65,2498000,942413056,206041008

SWBI,534734,Industrials,Aerospace & Defense,0.28231,0.17944,0.42453,35872000,-0.693,0.23768999,190250432,384564000,13664000,10.34,-0.955,2.837,0.19748,11.698,0.36671,110452000,2.413,14.473,-0.53381425,None,7.853,3784276,0.08270001,1651276800,120924000,2.58,0.1,0.01692,1714435200,42124490,0.940677,5.5591397,4128032,10.23,14.4351,24.26,None,9.93,42047000,474696992,68405000

TCFC,4140,Financial Services,Banks�Regional,0,0.35887,0,33552000,0.03,0.50807,None,73754000,None,37.1,0.1,None,0.01163,None,0.13516,92566000,16.38,12.871,0.0016198158,None,32.722,2672,0.0005,1640908800,26277000,4.61,0.175,0.074439995,1703980800,5193177,0.743551,7.810526,772,36.99,37.75485,41.93,1.55,33,37910000,211645840,54656000

EVBN,10943,Financial Services,Banks�Regional,0,0.25432,0,21465000,-0.048,0.35376,None,93124000,None,36.93,-0.104,None,0.01069,None,0.13808,98760000,18.062,16.747,-0.07536304,None,29.752,8852,0.0016,1640908800,23360000,4.22,0.64,0.04856,1703980800,4231007,0.929255,8.92029,9811,37.06,37.8616,44.48,3.02,32.53,63749000,204587776,35011000

THFF,48770,Financial Services,Banks�Regional,0,0.30229,0,60165000,0.025,0.38514,None,183019000,None,47.55,0.029,None,0.0123000005,None,0.114379995,423268992,35.181,15.699,0.11046243,None,38.361,154771,0.0128999995,1640908800,60033000,4.78,0.54,0.08821,1703980800,11595957,0.591378,8.854749,175738,47.05,45.20445,49,2.47,41.5,106448000,583509824,316820992

SHBI,31563,Financial Services,Banks�Regional,0,0.19697,0,25008000,0.85,0.38564998,None,77986000,None,17.64,0.111,None,0.00735,None,0.07417,403576992,20.331,6.049,-0.017817378,None,17.773,269496,0.0136,1640908800,20451000,1.15,0.12,0.11573,1703980800,15623451,0.867722,9.692307,272723,17.68,19.5723,23.19,2.57,17.04,63187000,353523232,340389992

TR,107894,Consumer Defensive,Confectioners,0.16389,0.10812,0.34315,75137000,0.242,0.13675,104259000,199241000,29571124,38.36,0.235,3.404,0.05448,2.021,0.09037,123090000,1.784,9.207,0.25550687,None,11.149,1456073,0.0211,1640908800,68781000,1,0.09,0.35217997,1703980800,17700233,0.008474,-19.671795,1514463,37.89,34.351955,38.83,1.04,30.271845,15539000,2749337856,107551000

TSI,113891,Financial Services,Asset Management,0,-1.21653,1,None,-0.183,0.83882004,None,17925667,None,4.54,None,0.443,0.02599,None,-0.074640006,440,0,0.34,-0.21993124,None,5.155,14156,0.00029999999,1640908800,-19768724,0.21,0.06,0.00169,1703980800,None,0.346352,None,35987,4.54,5.02655,5.89,5.77,4.51,0,217901392,440

SBR,44474,Energy,Oil & Gas E&P,0,0.96531,1,None,1.165,0.96973,None,60910068,None,82.52,1.246,52.671,5.7781897,None,10.79732,11222320,0.77,6.186,0.937544,None,0.702,1989,0.0001,1640908800,87059824,5.97,1.017,0.05054,1703980800,13842505,0.570744,None,7963,82.74,65.42845,90.73,7.39,38.83,0,1203083776,11222320

SFBC,44,Financial Services,Banks�Regional,0,0.21287,0,10330000,-0.001,0.2764,None,36824000,None,40.55,-0.282,None,0.00838,None,0.08533,80051000,31.39,14.129,-0.078409076,None,36.504,2064,0.0008,1640908800,7790000,2.94,0.17,0.15211001,1703980800,1631625,0.732866,None,1032,40.55,39.5197,46.3,1.61,36,47635000,104599936,32416000

UBFO,6612,Financial Services,Banks�Regional,0,0.32376,0,None,0.275,0.46076,None,36929000,None,6.87,0.733,None,0.010299999,None,0.12127,126032000,7.393,2.488,-0.13366961,None,6.282,25326,0.0015,1640908800,13716000,0.8,0.11,0.14622,1703980800,13615351,0.621223,None,36317,6.855,7.63,8.74,4.7,6.5,12550000,117110824,113482000

STEL,244972,Financial Services,Banks�Regional,0,0.32009998,0,104262000,-0.057,0.44402,None,239448000,None,28.4,-0.286,None,0.0114400005,None,0.10132,292836992,14.671,11.651,0.03687477,None,34.996,921726,0.0376,1640908800,75712000,1.48,0.13,0.12399,1703980800,17146372,0.950858,9.311476,987296,27.73,29.4941,33.1,None,26.11,117998000,1561042944,174838992

UFCS,47961,Financial Services,Insurance�Property & Casualty,0.089820005,0.067,0.08291,-20787000,-0.102,0.08291,88525000,100030000,-56137500,32.74,None,0.321,0.01719,6.403,0.081499994,92209000,3.661,39.258,0.5122402,None,31.005,370644,0.0147,1640908800,66034000,2.58,0.16,0.17813,1703980800,21518580,0.05011,12.739301,382940,31.71,29.72585,37.26,3.01,19.85,50000000,839748288,42209000

SLP,158459,Healthcare,Health Information Services,0.32117,0.22738001,0.78986,18246000,0.171,0.27668,16705000,35866000,6391375,43.5,0.111,24.489,0.049239997,0.861,0.068969995,122473000,6.052,2.579,0.046427727,None,8.775,1486734,0.0735,1630368000,11827000,0.57,0.06,0.20923,1693440000,16003092,0.549742,61.26761,1204418,43.91,49.50005,67.59,0.76,35.18,1528000,926354240,120945000

UIHC,79959,Financial Services,Insurance�Property & Casualty,-0.15695,-0.22195,0.03601,-258844000,-0.255,-0.17603001,-84036000,38819000,-225861872,0.4346,None,0.834,-0.02088,94.373,-0.4562,283966016,6.723,12.454,-0.88974357,None,3.953,116154,0.0027,1640908800,-118839000,-1.71,0.06,0.55197,1703980800,19517295,0.816507,-0.6208571,231342,0.4797,2.1457,5.09,4.19,0.43,157576000,18823916,126390016

UNB,9477,Financial Services,Banks�Regional,0,0.26182,0,48154000,-0.014,0.31264,None,48633000,None,24.3,-0.015,None,0.01126,None,0.17870001,39239000,8.73,10.816,-0.25092477,None,13.337,10280,0.0023,1640908800,12716000,2.82,0.35,0.20559,1703980800,3713211,0.765291,None,8251,23.05,28.1543,33.03,3.96,21.29,16188000,109223880,23051000

SPOK,79374,Healthcare,Health Information Services,-0.04483,-0.17729001,0.65101,-1793000,-0.056,-0.07389,-6184000,92897000,-116375,7.87,None,1.408,-0.02557,11.988,-0.13926,38432000,1.951,7.052,-0.22001982,None,7.931,369898,0.0188,1640908800,-24454000,-1.391,0.313,0.03768,1703980800,15150724,0.27266,None,360627,7.83,7.7326,11.46,5.2,6.13,18725000,154989424,19707000

SSRM,894765,Basic Materials,Gold,0.47803003,0.2209,0.55739,440755008,-0.152,0.31386998,672016000,878350000,327008640,13.92,-0.192,7.099,0.05343,10.715,0.09033,964545024,4.623,6.614,-0.15840387,None,17.106,8764200,0.042,1640908800,310548000,1.4,0.07,0.00556,1703980800,207192065,0.977516,12.770642,7862551,13.37,17.85695,24.58,None,12.86,442008000,2904032256,522537024

UTMD,3165,Healthcare,Medical Instruments & Supplies,0.52713,0.3118,0.62196,20856000,0.065,0.387,27009000,30917000,17353124,87.15,0.2,17.786,0.106400006,0.342,0.14873,66224000,18.269,14.042,-0.08427024,None,29.648,42292,0.0117,1640908800,15976000,4.37,0.29,0.065120004,1703980800,3164276,0.28703,None,41003,86.39,88.11745,133.87,1.2,80.1,368000,316498304,65856000

UVE,157391,Financial Services,Insurance�Property & Casualty,0.00518,-0.00262,0.26389998,202682000,0.046,-0.00078,6004000,342646000,194146256,9.13,-0.659,0.591,-0.00024000001,28.144,-0.00716,316952000,10.319,37.28,-0.33308983,None,11.934,1324444,0.0431,1640908800,-3045000,0.36,0.16,0.1013,1703980800,27591266,0.994104,5.70625,1055616,9.2,12.8342,19.64,3.27,8.39,103161000,280437088,213791000

SYBT,64977,Financial Services,Banks�Regional,0,0.29948,0,76684000,0.491,0.47586,None,236787000,None,72.13,4.353,None,0.01208,None,0.11788999,580144000,19.838,10.104,0.11552739,None,25.549,939901,0.0321,1640908800,82451000,3.06,0.29,0.03704,1703980800,27256115,0.668754,18.638243,873484,70.67,60.80215,74.06,2.41,50.83,219540000,2161570048,360604000

VABK,1792,Financial Services,Banks�Regional,0,0.30913,0,18265000,0.007,0.47325,None,54439000,None,32.56,37.256,None,0.01059,None,0.12996,215667008,40.491,11.573,-0.080226004,None,25.199,5048,0.00090000004,1640908800,19028000,3.81,0.3,0.12321,1703980800,4650314,0.602063,None,1706,32.54,33.5082,40,3.2,27.05,10005000,173423360,205662008

TRST,50404,Financial Services,Banks�Regional,0,0.36008,0,60643000,0.082,0.49442002,None,183795000,None,33.52,0.247,None,0.01101,None,0.11586001,1046184000,54.697,9.826,-0.014986753,None,31.089,277880,0.0145000005,1640908800,67963000,3.54,0.35,0.0277,1703980800,18585776,0.907516,9.604585,259822,32.88,32.7283,37.1,3.78,29.5,199059008,659851264,847124992

TSBK,5188,Financial Services,Banks�Regional,0,0.3432,0,25301000,-0.019,0.45018002,None,69019000,None,29.35,-0.169,None,0.01244,None,0.10803001,446039008,54.067,7.892,0.044112444,None,25.98,72068,0.0087,1632960000,22568000,2.69,0.22,0.11887,1696032000,7306675,0.933677,None,16436,29.29,26.7629,29.86,2.58,24.05,2135000,243451216,443904008

UG,6303,Consumer Defensive,Household & Personal Products,0.38131002,0.25611,0.56186,3860570,-0.009,0.37125,5475311,8181698,2767782,13.231,-0.529,5.586,0.27641,None,0.3616,6765654,1.473,3.125,-0.07997221,None,2.104,4728,0.001,1640908800,3677605,0.8,0.37,0.36756,1703980800,2905631,0.44731,None,4923,13.62,17.3063,26.09,5.85,11.02,0,63420680,6765654

USLM,6881,Basic Materials,Building Materials,0.32611,0.18028,0.39296,50670000,0.23,0.22546,68425000,79890000,19181750,112.83,-0.082,13.259,0.09329,1.085,0.13588001,108581000,19.199,37.042,-0.06905943,None,52.369,23033,0.0041,1640908800,37827000,6.67,0.2,0.63926,1703980800,2033988,0.62417,None,20112,107.51,112.576,138.95,0.64,102.12,3214000,648429504,105367000

VBF,24144,Financial Services,Asset Management,0,-0.91808,1,None,-0.045,0.85811996,None,8697047,None,13.92,None,2.047,0.020280002,None,-0.03522,120752,0.011,0.762,-0.32753623,None,18.91,11969,0.001,1646006400,-7984630,-0.699,0.059,0,1709078400,None,0.385777,None,1756,13.91,16.46485,21.25,4.08,13.83,0,160274880,120752

VBFC,1116,Financial Services,Banks�Regional,0,0.27056,0,19150000,-0.152,0.34526002,None,38338000,None,49.99,-0.339,None,0.01258,None,0.15545,55302000,37.686,23.222,-0.053219676,None,40.682,868,0.00059999997,1640908800,9252000,6.28,0.14,0.60777,1703980800,561297,0.60759,None,151,48.37,52.05715,61.2,None,43.97,14996000,73357328,40306000

WNEB,15767,Financial Services,Banks�Regional,0,0.26549,0,22106000,0.02,0.35856,None,86111000,None,8.39,0.049,None,0.00914,None,0.10528,52129000,2.337,3.922,-0.056242943,None,9.585,32103,0.0014,1640908800,23110000,1.04,0.06,0.11921,1703980800,17035186,0.493736,7.424779,40802,8.58,8.5465,9.98,2.17,7.13,30419000,187163296,21710000

WSTG,1915,Technology,Electronics & Computer Distribution,0.058520004,0.040159997,0.17052001,6887000,-0.099,0.05309,16597000,45716000,6494625,29.62,0.534,1.25,0.053940002,7.551,0.22117001,29315000,6.761,65.915,0.1060493,None,12.586,4535,0.001,1640908800,11097000,2.57,0.17,0.16131,1703980800,3574249,0.774502,None,5895,30,31.81325,39.45,3.91,24.65,4109000,132456200,25206000

